{
  "蛆音娘": {
    "type": "image",
    "container": [
      {
        "icon": "<img src=\"/src/emoji/xsk/maimeng.png\" alt=\"\" class=\"OwO-img\">",
        "data": ":&(卖萌)",
        "text": "卖萌"
      },
      {
        "icon": "<img src=\"/src/emoji/xsk/chiguaqunzhong.png\" alt=\"\" class=\"OwO-img\">",
        "data": ":&(吃瓜群众)",
        "text": "吃瓜群众"
      },
      {
        "icon": "<img src=\"/src/emoji/xsk/chijing.png\" alt=\"\" class=\"OwO-img\">",
        "data": ":&(吃惊)",
        "text": "吃惊"
      },
      {
        "icon": "<img src=\"/src/emoji/xsk/haipa.png\" alt=\"\" class=\"OwO-img\">",
        "data": ":&(害怕)",
        "text": "害怕"
      },
      {
        "icon": "<img src=\"/src/emoji/xsk/fue.png\" alt=\"\" class=\"OwO-img\">",
        "data": ":&(扶额)",
        "text": "扶额"
      },
      {
        "icon": "<img src=\"/src/emoji/xsk/huaji.png\" alt=\"\" class=\"OwO-img\">",
        "data": ":&(滑稽)",
        "text": "滑稽"
      },
      {
        "icon": "<img src=\"/src/emoji/xsk/heng.png\" alt=\"\" class=\"OwO-img\">",
        "data": ":&(哼)",
        "text": "哼"
      },
      {
        "icon": "<img src=\"/src/emoji/xsk/jizhi.png\" alt=\"\" class=\"OwO-img\">",
        "data": ":&(机智)",
        "text": "机智"
      },
      {
        "icon": "<img src=\"/src/emoji/xsk/kuqi.png\" alt=\"\" class=\"OwO-img\">",
        "data": ":&(哭泣)",
        "text": "哭泣"
      },
      {
        "icon": "<img src=\"/src/emoji/xsk/shuijuejue.png\" alt=\"\" class=\"OwO-img\">",
        "data": ":&(睡觉觉)",
        "text": "睡觉觉"
      },
      {
        "icon": "<img src=\"/src/emoji/xsk/shengqi.png\" alt=\"\" class=\"OwO-img\">",
        "data": ":&(生气)",
        "text": "生气"
      },
      {
        "icon": "<img src=\"/src/emoji/xsk/toukan.png\" alt=\"\" class=\"OwO-img\">",
        "data": ":&(偷看)",
        "text": "偷看"
      },
      {
        "icon": "<img src=\"/src/emoji/xsk/tuxue.png\" alt=\"\" class=\"OwO-img\">",
        "data": ":&(吐血)",
        "text": "吐血"
      },
      {
        "icon": "<img src=\"/src/emoji/xsk/wuyu.png\" alt=\"\" class=\"OwO-img\">",
        "data": ":&(无语)",
        "text": "无语"
      },
      {
        "icon": "<img src=\"/src/emoji/xsk/yaotou.png\" alt=\"\" class=\"OwO-img\">",
        "data": ":&(摇头)",
        "text": "摇头"
      },
      {
        "icon": "<img src=\"/src/emoji/xsk/yiwen.png\" alt=\"\" class=\"OwO-img\">",
        "data": ":&(疑问)",
        "text": "疑问"
      },
      {
        "icon": "<img src=\"/src/emoji/xsk/die.png\" alt=\"\" class=\"OwO-img\">",
        "data": ":&(die)",
        "text": "die"
      },
      {
        "icon": "<img src=\"/src/emoji/xsk/OK.png\" alt=\"\" class=\"OwO-img\">",
        "data": ":&(OK)",
        "text": "OK"
      },
      {
        "icon": "<img src=\"/src/emoji/xsk/feizao.png\" alt=\"\" class=\"OwO-img\">",
        "data": ":&(肥皂)",
        "text": "肥皂"
      },
      {
        "icon": "<img src=\"/src/emoji/xsk/daxiao.png\" alt=\"\" class=\"OwO-img\">",
        "data": ":&(大笑)",
        "text": "大笑"
      }
    ]
  }
}